{
  "PERSON": {
    "Albert Einstein": {
      "count": 2,
      "last_seen": "2025-03-14T01:54:42.918896",
      "contexts": [
        "Albert Einstein was a theoretical physicist born in Germany who developed the theory of relativity.",
        "Albert Einstein developed the theory of relativity in 1915."
      ]
    }
  },
  "GPE": {
    "Germany": {
      "count": 1,
      "last_seen": "2025-03-14T01:54:42.911314",
      "contexts": [
        "Albert Einstein was a theoretical physicist born in Germany who developed the theory of relativity."
      ]
    }
  },
  "DATE": {
    "1915": {
      "count": 1,
      "last_seen": "2025-03-14T01:54:42.918896",
      "contexts": [
        "Albert Einstein developed the theory of relativity in 1915."
      ]
    },
    "1921": {
      "count": 1,
      "last_seen": "2025-03-14T01:54:42.948614",
      "contexts": [
        "Einstein won the Nobel Prize in Physics in 1921."
      ]
    }
  },
  "WORK_OF_ART": {
    "the Nobel Prize in Physics": {
      "count": 1,
      "last_seen": "2025-03-14T01:54:42.948614",
      "contexts": [
        "Einstein won the Nobel Prize in Physics in 1921."
      ]
    }
  },
  "ORG": {
    "Quantum": {
      "count": 1,
      "last_seen": "2025-03-14T01:54:42.963244",
      "contexts": [
        "Quantum mechanics is another important theory in physics."
      ]
    }
  },
  "CARDINAL": {
    "1a": {
      "count": 1,
      "last_seen": "2025-03-14T01:56:50.822910",
      "contexts": [
        "1a"
      ]
    }
  }
}