[
  {
    "question": "hello",
    "answer": "Hello! I'm ready to assist you with your questions related to ITI subjects, modern farming techniques, and vocational skills. How can I help you today? Let me know what you'd like to learn or what problem you're trying to solve.\n",
    "context": "",
    "timestamp": "2025-03-14T00:37:40.589231"
  },
  {
    "question": "generate quizes",
    "answer": "Okay! To create a helpful quiz for you, I need a little more information. Please tell me:\n\n1.  **What subject area are you interested in?** (e.g., ITI Electrician, ITI Fitter, Modern Farming, a specific vocational skill like welding, etc.)\n2.  **What specific topic within that subject?** (e.g., For Electrician: \"Ohm's Law\", \"AC Circuits\"; For Farming: \"Drip Irrigation\", \"Crop Rotation\"; For Welding: \"MIG Welding Basics\")\n3. **How many questions do you want?**\n4. **What type of the questions?** (e.g. Multiple-choice, True/False, Fill in the blank)\n\nOnce I have this information, I can generate a quiz tailored to your needs.\n",
    "context": "",
    "timestamp": "2025-03-14T00:38:48.116222"
  },
  {
    "question": "how will i learn fitting?",
    "answer": "Okay, let's break down how you can learn Fitting, which is a crucial skill in many ITI trades and engineering fields. Here's a structured approach to learning fitting, combining theory and practical application:\n\n**1. Understand the Fundamentals (Theory):**\n\n*   **What is Fitting?** Fitting involves assembling, installing, and repairing machinery and equipment by precisely shaping, joining, and adjusting metal parts. It requires a strong understanding of hand tools, measuring instruments, and machining processes.\n*   **Basic Materials:** Learn about common metals used in fitting (mild steel, cast iron, aluminum, brass, etc.), their properties (hardness, ductility, malleability), and how they behave when worked.\n*   **Blueprint Reading (Engineering Drawing):** This is *essential*. You must be able to interpret engineering drawings to understand the dimensions, tolerances, and assembly instructions for the parts you'll be working with. Key concepts include:\n    *   Orthographic projections (top, front, side views)\n    *   Dimensioning and tolerancing symbols\n    *   Sectional views\n    *   Assembly drawings\n*   **Measuring and Marking Tools:** Get familiar with the theory behind and use of:\n    *   **Steel Rule:** For basic linear measurements.\n    *   **Calipers (Vernier, Dial, Digital):** For precise internal, external, and depth measurements.\n    *   **Micrometer:** For extremely precise measurements (even smaller than Vernier calipers).\n    *   **Try Square:** For checking right angles (90 degrees).\n    *   **Combination Set:** A versatile tool with a rule, square head, protractor head, and center head.\n    *   **Scriber:** For marking lines on metal.\n    *   **Punches (Center Punch, Prick Punch):** For marking hole locations and making indentations.\n    *   **Dividers:** For transferring measurements and scribing arcs/circles.\n    * **Surface Plate and Gauge Block:** For accurate measurments.\n*   **Hand Tools and Operations:** Learn the names, purposes, and proper use of:\n    *   **Files (different cuts and shapes):** For removing material, smoothing surfaces, and shaping parts. Learn about filing techniques (straight filing, draw filing, cross filing).\n    *   **Hacksaws:** For cutting metal. Learn about blade selection (teeth per inch) and cutting techniques.\n    *   **Chisels (cold chisels):** For cutting and chipping metal.\n    *   **Hammers (various types):** For striking chisels, driving pins, and shaping metal.\n    *   **Wrenches (various types):** For tightening and loosening fasteners.\n    *   **Drills and Taps:** To create threaded holes.\n* **Safety Practices:**\n    *   Always wear appropriate Personal Protective Equipment (PPE): safety glasses, gloves, and appropriate footwear.\n    *   Secure workpieces properly in a vise.\n    *   Use tools correctly and maintain them in good condition.\n    *   Keep your work area clean and organized.\n    *   Be aware of your surroundings and potential hazards.\n\n**2. Practical Application (Hands-on Training):**\n\n*   **Start with Basic Exercises:** Begin with simple filing exercises to develop your hand-eye coordination and feel for the tools. Practice filing flat surfaces, edges, and curves.\n*   **Marking and Measuring Practice:** Repeatedly practice marking and measuring using the tools listed above. Accuracy is paramount in fitting.\n*   **Cutting and Shaping:** Practice sawing, chiseling, and filing to achieve specific dimensions and shapes based on drawings.\n*   **Drilling and Tapping:** Learn to drill holes accurately and create internal threads using taps. Understand tap drill sizes.\n*   **Assembly Exercises:** Progress to assembling simple components, paying close attention to tolerances and fits.\n*   **Bench Vise Work:** A good bench vise is your best friend in fitting. Learn to use it effectively to secure workpieces for various operations.\n*   **Projects:** Gradually work on more complex projects that combine multiple fitting operations. This could include making simple tools, brackets, or machine parts.\n*   **Scraping:** Learn about scraping, a precision process for creating very flat surfaces.\n* **Lapping:** familiar with lapping, it is a precision finishing operation used to achieve extremely fine surface finishes and dimensional accuracy on metal parts.\n\n**3. Learning Resources:**\n\n*   **ITI Textbooks and Manuals:** These are your primary source of information. Study them thoroughly.\n*   **Online Resources:** There are many excellent websites, videos (YouTube is a great resource), and online courses that can supplement your learning. Search for \"fitting tutorials,\" \"machinist training,\" etc.\n*   **Experienced Fitters/Instructors:** The best way to learn is from someone with experience. Ask questions, observe their techniques, and seek feedback on your work.\n*   **Workshops and Labs:** Practical experience in a workshop or lab setting is invaluable.\n\n**4. Key Skills to Develop:**\n\n*   **Accuracy:** Precision is crucial in fitting.\n*   **Patience:** Fitting can be time-consuming and requires careful attention to detail.\n*   **Problem-Solving:** You'll often encounter challenges that require you to think critically and find solutions.\n*   **Hand-Eye Coordination:** This develops with practice.\n*   **Spatial Reasoning:** The ability to visualize objects in three dimensions is essential for interpreting drawings and assembling parts.\n\n**5. Example Learning Progression:**\n\n1.  **Week 1-2:** Introduction to fitting, safety, basic tools (steel rule, try square, scriber, punch), filing practice (flat surfaces).\n2.  **Week 3-4:** Measuring tools (calipers, micrometers), marking practice, hacksawing.\n3.  **Week 5-6:** Chiseling, drilling, tapping.\n4.  **Week 7-8:** Basic assembly exercises, blueprint reading introduction.\n5.  **Week 9+:** More complex projects, advanced blueprint reading, introduction to machining processes (if applicable).\n\n**Important Considerations:**\n\n*   **Consistency:** Regular practice is key to developing your skills. Even short, focused practice sessions are more effective than infrequent long sessions.\n*   **Feedback:** Seek feedback from instructors or experienced fitters to identify areas for improvement.\n*   **Don't be afraid to make mistakes:** Mistakes are part of the learning process. Learn from them and keep practicing.\n*   **Relate Theory to Practice:** Always connect the theoretical concepts you learn to the practical tasks you perform. This will deepen your understanding.\n\nBy following this structured approach and dedicating yourself to practice, you can effectively learn the skills of a fitter. Good luck!\n",
    "context": "",
    "timestamp": "2025-03-14T00:51:42.730958"
  },
  {
    "question": "suggest videos",
    "answer": "Okay, here's a selection of YouTube videos that can help you learn fitting, categorized for easier navigation. I've focused on videos that provide clear explanations and demonstrations, suitable for a beginner to intermediate level. I've checked for general quality and relevance, but always remember to critically evaluate any information you find online.\n\n**I. General Introduction to Fitting & Shop Safety:**\n\n*   **\"What is a Fitter?\" (Brief Overview):** Search for short introductory videos explaining the fitter trade. Look for ones that show examples of fitting work. Example search term: `\"what is a fitter trade\"`\n    *   This will give you a general idea.\n*   **\"Workshop Safety\" or \"Machine Shop Safety\":**  *Crucially important.*  Look for comprehensive videos covering:\n    *   Personal Protective Equipment (PPE)\n    *   Safe use of hand tools\n    *   Safe practices around machinery\n    *   Emergency procedures\n    *   Example search term: `\"machine shop safety basics\"`\n\n**II. Measuring and Marking Tools:**\n\n*   **\"How to Use a Vernier Caliper\":** Look for videos that clearly show:\n    *   The different parts of the caliper (jaws, scale, vernier scale)\n    *   How to read the measurements (both metric and imperial, if possible)\n    *   How to measure inside, outside, and depth dimensions\n    *   Example search term: `\"vernier caliper tutorial\"`\n*   **\"How to Use a Micrometer\":** Similar to the caliper, focus on:\n    *   Parts of the micrometer (spindle, anvil, thimble, sleeve)\n    *   Reading the measurements (very precise!)\n    *   Proper technique for using the micrometer (avoid overtightening)\n    *   Example search term: `\"micrometer reading tutorial\"`\n*   **\"Using a Try Square and Combination Set\":** These videos should demonstrate:\n    *   Checking for squareness (90-degree angles)\n    *   Marking lines with a scriber\n    *   Using the protractor head of the combination set\n    *   Example search term: `\"combination set use\"`\n*   **\"Marking Out Techniques\":** Look for videos covering:\n    *   Using a scriber, punches (center punch, prick punch)\n    *   Using dividers and compasses\n    *   Applying layout fluid (engineer's blue) for better visibility\n    *   Example search term: `\"metal marking out techniques\"`\n*  **\"How To Read a Vernier Height Gauge\"**:\n    * Example search term: `\"Vernier Height Gauge tutorial\"`\n*  **\"How to Use Gage Blocks\"**:\n    *  Example search term: `\"How to Use Gage Blocks\"`\n\n**III. Hand Tools and Techniques:**\n\n*   **\"Filing Techniques\":** This is *fundamental*. Look for videos showing:\n    *   Different types of files (flat, half-round, round, square)\n    *   Choosing the right file for the job\n    *   Proper filing stance and grip\n    *   Straight filing, draw filing, cross filing\n    *   How to avoid common filing mistakes (rocking, rounding edges)\n    *   Example search term: `\"metal filing techniques\"`\n*   **\"Hacksawing Techniques\":** Focus on:\n    *   Choosing the right blade (teeth per inch) for the material\n    *   Proper tensioning of the blade\n    *   Starting and finishing a cut\n    *   Cutting straight and accurately\n    *   Example search term: `\"hacksaw cutting metal\"`\n*   **\"Using a Cold Chisel\":** Look for:\n    *   Different types of chisels\n    *   Proper grip and striking technique\n    *   Sharpening a chisel\n    *   Example search term: `\"cold chisel techniques\"`\n*   **\"Drilling and Tapping\":** This is a large topic, so break it down:\n    *   **\"Drilling Metal\":** Focus on selecting the right drill bit, using cutting fluid, and controlling the drill speed.\n    *   **\"Tapping Threads by Hand\":** Focus on using a tap wrench, selecting the correct tap drill size, and using proper lubrication.\n    *   Example search terms: `\"drilling metal techniques\"`, `\"tapping threads by hand\"`\n\n**IV. Blueprint Reading (Engineering Drawing):**\n\n*   **\"Engineering Drawing Basics\" or \"Blueprint Reading for Beginners\":** Start with the fundamentals:\n    *   Orthographic projections (understanding views)\n    *   Dimensioning and tolerancing\n    *   Line types (object lines, hidden lines, center lines)\n    *   Example search term: `\"blueprint reading basics\"`\n*   **\"Sectional Views\":** Understanding how parts are cut to reveal internal features.\n    *   Example search term: `\"engineering drawing sectional views\"`\n* **\"Assembly Drawings\"**:\n    * Example search term: `\"how to read assembly drawings\"`\n\n**V. Specific Fitting Projects (for later):**\n\n*   Once you have a grasp of the basics, you can search for videos of specific fitting projects. This will help you see how the different skills come together. Examples:\n    *   \"Making a simple bracket\"\n    *   \"Fitting a key to a shaft\"\n    *   \"Scraping a flat surface\"\n\n**Tips for Using YouTube Effectively:**\n\n*   **Watch multiple videos on the same topic:** Different instructors may have different teaching styles or emphasize different aspects.\n*   **Read the comments:** Comments can often provide helpful tips or clarifications, but be wary of misinformation.\n*   **Take notes:** Don't just passively watch. Write down key points and techniques.\n*   **Practice, practice, practice!** Watching videos is helpful, but it's no substitute for hands-on experience.\n\nThis list should give you a solid starting point for learning fitting through videos. Remember to always prioritize safety and combine video learning with hands-on practice. Good luck!\n",
    "context": "",
    "timestamp": "2025-03-14T00:54:18.487700"
  },
  {
    "question": "recommend youtube videos",
    "answer": "Okay, I'll recommend specific YouTube channels and videos, building upon the previous suggestions. I've chosen these based on clarity, accuracy, and suitability for learners. I'll organize them by topic area, as before.\n\n**I. General Introduction & Shop Safety:**\n\n*   **Channel: AvE**\n    *   While AvE is known for his humorous and sometimes irreverent style, his teardowns and explanations of tools and mechanisms are incredibly insightful. *Crucially*, he emphasizes safety, often pointing out potential hazards and how to avoid them. Look for his \"BOLTR\" (Beware Of Lathe Turning Rapidly) series for lathe safety, but his general shop safety advice is scattered throughout his videos. *Note:* He uses some colorful language, so be aware of that.\n    *   *Example (General Shop Wisdom):* Search within his channel for \"shop safety\" or \"tool teardowns.\"\n\n*   **Channel: This Old Tony**\n    *   Another excellent channel with a focus on machining and making. He's known for his clear explanations, meticulous approach, and dry humor. He also emphasizes safety.\n    *   *Example (General Introduction):* He has various project videos that implicitly cover shop safety and good practices.\n\n**II. Measuring and Marking Tools:**\n\n*   **Channel: Mitutoyo America Corporation**\n    *   Mitutoyo is a leading manufacturer of precision measuring tools. Their channel offers high-quality tutorials on using their products.\n    *   *Example (Vernier Caliper):* Search within their channel for \"Vernier Caliper Tutorial\" or \"How to Read a Vernier Caliper.\"\n    *   *Example (Micrometer):* Search within their channel for \"Micrometer Tutorial\" or \"How to Read a Micrometer.\"\n    *   *Example (Height Gauge):* Search within their channel for \"Height Gauge.\"\n    *   *Example (Gage Block):* Search within their channel for \"Gage Block.\"\n\n* **Channel: Starrett Company**\n     * Similar to Mitutoyo, Starrett is another highly respected manufacturer of precision tools.\n     * Example (General Measurement): Search within their channel for videos on specific tools like calipers, micrometers, combination sets, etc.\n\n**III. Hand Tools and Techniques:**\n\n*   **Channel: Keith Rucker - VintageMachinery.org**\n    *   Keith Rucker focuses on restoring old machinery, but his videos are a treasure trove of information on basic hand tool techniques.\n    *   *Example (Filing):* Search within his channel for \"filing techniques\" or \"hand scraping.\" He has excellent demonstrations of proper filing methods.\n    *   *Example (General Hand Tools):* His restoration projects often involve using hacksaws, chisels, and other hand tools, so watching those can be very instructive.\n\n* **Channel: Hand Tool Rescue**\n    * The videos demonstrate proper use of the hand tools while restoring them.\n     * Example (General Hand Tools): Search within this channel for videos.\n\n**IV. Blueprint Reading (Engineering Drawing):**\n\n*   **Channel: TCI Machining**\n    *   Clear and concise explanations of blueprint reading fundamentals.\n    *   *Example (Basics):* Search within their channel for \"Blueprint Reading\" or \"Engineering Drawings.\" They have a multi-part series that's very helpful.\n\n* **Channel: CAD CAM Tutorials**\n    *   Focus is on CAD/CAM, but also has good resources for understanding drawings.\n    *    *Example (Basics):* Search within their channel for \"Engineering Drawing Basics.\"\n\n**V. Specific Fitting Projects (for later):**\n\n*   **Channel: Abom79**\n    *   Adam Booth is a highly skilled machinist. While his projects are often advanced, watching his process can be very informative, even for beginners. He demonstrates excellent technique and problem-solving. *Note:* He works primarily with machine tools, but the principles of fitting apply.\n* **Quinn.**\n * Quinn (formerly Blondihacks) is a machinist and maker who creates excellent videos on a variety of projects.\n * *Example:* Look for projects involving fitting components together.\n\n**Important Notes and Reminders:**\n\n*   **These are starting points:** There are many other excellent channels and videos out there. Don't be afraid to explore!\n*   **Prioritize Safety:** Always follow safety guidelines, even if you see someone online doing something differently.\n*   **Combine with Practice:** Watching videos is essential for learning the theory and seeing techniques, but nothing replaces hands-on practice. Start with simple exercises and gradually increase complexity.\n*   **Seek Feedback:** If possible, get feedback from an experienced fitter or instructor.\n* **Quality over Quantity:** It is better to understand the concepts, not just watch them.\n\nThis curated list should give you a strong foundation for learning fitting through YouTube. Remember that active learning (taking notes, practicing, and seeking feedback) is crucial for success.\n",
    "context": "",
    "timestamp": "2025-03-14T00:58:43.847605"
  },
  {
    "question": "fitter youtube videos",
    "answer": "Okay, let's refine the YouTube recommendations specifically for *fitter* related content, focusing on channels and videos that directly address the skills and knowledge needed for ITI fitter trades. I'll prioritize content that aligns with a typical ITI curriculum and practical workshop exercises. I'll also try to include some channels that may have content in Hindi or with clear visual demonstrations that transcend language barriers, as that can be helpful for many ITI students.\n\n**I. Core Fitter Skills (Hand Tools & Basic Operations):**\n\n*   **Channel: Mr. Peters Shop Class**\n    *   *Content:* This channel is a GEM for basic machining and fitting skills. Mr. Peters is a retired shop teacher, and his explanations are incredibly clear, patient, and geared towards beginners.  He covers everything from filing to drilling, tapping, and basic layout.\n    *   *Example Videos:*\n        *   Search within his channel for: `\"Filing Basics\"`, `\"Hand Tapping\"`, `\"Drill Press Basics\"`, `\"Layout Tools\"`, `\"Hacksaw Use\"`.  He has playlists dedicated to many of these topics.\n        *   *Highly Recommended:* Look for his series on making a small machinist's hammer or a tap wrench – these are excellent fitting projects.\n    *   *Why it's good for ITI:*  Directly aligns with the foundational skills taught in ITI fitter courses.  The pace is perfect for learning.\n\n*   **Channel: Workshop Practice Series**\n    *   *Content:* This is a series of videos specifically designed for workshop practice, covering many fitter trade essentials. It's a bit older, but the techniques are timeless.\n    *   *Example Videos:*\n        *   Search within YouTube for: `\"Workshop Practice Series Filing\"`, `\"Workshop Practice Series Chisels\"`, `\"Workshop Practice Series Marking Out\"`, `\"Workshop Practice Series Drilling and Tapping\"`.\n    *   *Why it's good for ITI:*  The series is structured like a traditional workshop course.\n\n*   **Channel: Nexgen Technical Institute**\n   *   *Content:* It covers ITI-related topics.\n    *   *Example Videos:*\n        *   Search within his channel for: `\"Fitting\"`, `\"Trade tools\"`.\n    *   *Why it's good for ITI:*  The series is structured like a traditional workshop course.\n\n**II. Measuring & Marking (Precision is Key):**\n\n*   **Re-emphasize: Mitutoyo America & Starrett:**  These channels are still the gold standard for learning to use precision measuring tools.  Focus on their videos for:\n    *   Vernier Calipers\n    *   Micrometers\n    *   Dial Indicators\n    *   Height Gauges\n    *   Gage Blocks\n\n*  **Channel: Fitter Tools Knowledge**\n    * *Content:* Provides knowledge about fitter tools.\n    * *Example videos:*\n       * Search within the channel for: `\"Vernier Caliper\"`, `\"Micrometer\"`, `\"Dial Indicators\"`, `\"Height Gauges\"`\n\n**III. Blueprint Reading (Essential for Fitters):**\n\n*   **Re-emphasize: TCI Machining & CAD CAM Tutorials:** These are still excellent resources for the basics of blueprint reading.\n\n* **Channel: Basic Mechanical Engineering by Ashish Pandey**\n  * *Content:* This is a good resource that may include videos.\n    *   *Example Videos:*\n        *   Search within YouTube for: `\"Basic Mechanical Engineering by Ashish Pandey Engineering Drawing\"`.\n\n**IV. ITI-Specific Content (May be in Hindi/Mixed Languages):**\n\n*   **Channel: Learn With SK**\n    *   *Content:* This channel has a mix of content, including some ITI-related videos, often in Hindi.\n    *   *Example Videos:* Search within the channel for `\"ITI Fitter\"`, `\"Fitter Trade\"`, `\"Workshop Calculation\"`.\n    *   *Why it's good for ITI:*  May provide explanations in a familiar language and context.\n\n*   **Channel: ITI Technical Gyan**\n     *  *Content:* This channel has ITI-related videos.\n    *   *Example Videos:* Search within the channel for `\"ITI Fitter\"`, `\"Fitter Trade\"`.\n    *   *Why it's good for ITI:*  Provides explanations in a familiar language and context.\n\n*   **Channel: Global iTi**\n      * *Content:* This channel has ITI-related videos.\n    *   *Example Videos:* Search within the channel for `\"ITI Fitter\"`, `\"Fitter Trade\"`.\n\n*   **Channel: Technical Parivar**\n    *   *Content:* This channel covers a range of technical topics, and you might find some relevant ITI fitter content.\n    *   *Example Videos:* Search within the channel for `\"ITI Fitter\"`, `\"Fitting Shop\"`.\n\n**V. Advanced Fitting & Machining (For Later Stages):**\n\n*   **Channel: Abom79:** (As mentioned before) While advanced, his precision and technique are inspiring.\n*   **Channel: oxtoolco:** Tom Lipton's channel is another excellent resource for high-precision work, including scraping and fitting.\n* **Channel: Stefan Gotteswinter**\n    *   *Content:* Stefan's channel is a mix of machining, blacksmithing, and general making. He often shows fitting processes as part of larger projects. He's very skilled and explains things well.\n    *   *Example Videos:* Look for projects where he's assembling parts or making tools.\n\n**Important Considerations and Strategy:**\n\n1.  **Start with the Basics:** Focus on Mr. Peters Shop Class and the Workshop Practice Series for fundamental hand skills.\n2.  **Master Measurement:** Dedicate significant time to learning how to use measuring tools accurately.\n3.  **Blueprint Reading is Non-Negotiable:** You *must* be able to read engineering drawings.\n4.  **Use Multiple Sources:** Don't rely on just one channel or video.\n5.  **Practice, Practice, Practice:** The most important part! Find a workshop or lab where you can apply what you're learning.\n6.  **Language:** If you're comfortable with Hindi, explore the ITI-specific channels. Even if you're not, the visual demonstrations in many videos can still be helpful.\n7.  **Take Notes:** Write down key points, tool names, and techniques.\n8. **Safety First:** Always prioritize safety. If something seems unsafe, don't do it.\n\nThis refined list should provide a comprehensive and ITI-focused set of YouTube resources for learning the fitter trade. Remember that consistent effort and hands-on practice are the keys to success.\n",
    "context": "",
    "timestamp": "2025-03-14T01:07:42.373707"
  },
  {
    "question": "fitter youtube videos",
    "answer": "Okay, I understand you're looking for a very focused list. Let's distill the previous recommendations down to the *most essential* YouTube channels and specific video types, *strictly* prioritizing content directly relevant to a beginner-level ITI Fitter student. I'll aim for maximum clarity and practical application.\n\n**Here's the streamlined list, categorized for easy navigation:**\n\n**I. ESSENTIAL Fitter Hand Skills (Start Here):**\n\n*   **Channel: Mr. Peters Shop Class**\n    *   *Why:*  Unmatched clarity for beginners. He *teaches* the fundamental skills, not just demonstrates them. It's like having a patient instructor guiding you.\n    *   *Specific Video Types (Search within the channel):*\n        *   `\"Filing Basics\"` (Absolutely start here)\n        *   `\"Hacksaw Use\"` (Essential for cutting metal)\n        *   `\"Hand Tapping\"` (Creating internal threads)\n        *   `\"Drill Press Basics\"` (Safe and accurate drilling)\n        *   `\"Layout Tools\"` (Scriber, punches, dividers – how to use them)\n        *   *Project Suggestion:* Look for his series on making a small hammer or a tap wrench. These incorporate multiple skills.\n\n*   **Channel: Workshop Practice Series**\n    *   *Why:* Structured like a traditional workshop course, covering core fitter operations.\n    *   *Specific Video Types (Search within YouTube):*\n        *   `\"Workshop Practice Series Filing\"`\n        *   `\"Workshop Practice Series Chisels\"`\n        *   `\"Workshop Practice Series Marking Out\"`\n        *   `\"Workshop Practice Series Drilling and Tapping\"`\n\n**II. MUST-KNOW Measuring & Marking:**\n\n*   **Channel: Mitutoyo America Corporation**\n    *   *Why:* Industry-standard for precision measurement. Their tutorials are clear and authoritative.\n    *   *Specific Video Types (Search within the channel):*\n        *   `\"Vernier Caliper Tutorial\"` (Learn to read it accurately)\n        *   `\"Micrometer Tutorial\"` (For very precise measurements)\n        *   `\"Dial Indicator Tutorial\"` (Checking for runout and alignment)\n        *   `\"Height Gauge\"`\n        * `\"Gage Block\"`\n\n* **Channel: Starrett Company**\n    * A good alternative to Mitutoyo.\n     *   *Specific Video Types (Search within the channel):*\n        *   `\"Vernier Caliper Tutorial\"` (Learn to read it accurately)\n        *   `\"Micrometer Tutorial\"` (For very precise measurements)\n        *   `\"Dial Indicator Tutorial\"` (Checking for runout and alignment)\n        *   `\"Height Gauge\"`\n\n**III. Blueprint Reading (Absolutely Essential):**\n\n*   **Channel: TCI Machining**\n    *   *Why:* Breaks down blueprint reading into manageable steps. Good for beginners.\n    *   *Specific Video Types (Search within the channel):*\n        *   `\"Blueprint Reading\"` (Look for a multi-part series)\n        *   `\"Engineering Drawings\"`\n\n**IV. ITI-Specific Channels (for Hindi speakers or visual learners):**\n\n* **Channel: Learn With SK**\n* **Channel: ITI Technical Gyan**\n* **Channel: Global iTi**\n* **Channel: Technical Parivar**\n    *   *Why:* These channels often have content in Hindi or mixed languages, which can be helpful for many ITI students. Even if you don't understand the language, the visual demonstrations can still be valuable.\n    *   *Specific Video Types (Search within *each* channel):*\n        *   `\"ITI Fitter\"`\n        *   `\"Fitter Trade\"`\n        *   `\"Workshop Calculation\"` (if available)\n        *  `\"Fitting Shop\"`\n\n**V. For When You're Ready to Advance (But Not Essential at the Start):**\n\n*   **Channel: Abom79** (Advanced machining, but excellent for seeing proper technique)\n*   **Channel: oxtoolco** (High-precision work, including fitting)\n* **Channel: Stefan Gotteswinter**\n\n**Key Strategy (Simplified):**\n\n1.  **Hand Skills First:**  Mr. Peters and Workshop Practice Series are your starting point.\n2.  **Master Measurement:**  Mitutoyo/Starrett videos are crucial. Practice using the tools.\n3.  **Blueprint Reading:**  TCI Machining is your go-to resource.\n4.  **Explore ITI Channels:**  Look for relevant content, even if you don't speak the language.\n5.  **Practice, Practice, Practice:** This is the most important part.\n\n**Important Reminders:**\n\n*   This is a *focused* list. There are many other good resources, but these are the most directly relevant to a beginner ITI Fitter.\n*   **Safety is paramount.** Always follow safety procedures.\n* This streamlined list and strategy should provide the most direct path to learning the core fitter skills through YouTube. Remember to be an active learner, take notes, and practice consistently.\n",
    "context": "",
    "timestamp": "2025-03-14T01:10:33.064438"
  },
  {
    "question": "how me videos about welding techniques",
    "answer": "Okay, I'll provide a curated list of YouTube videos focused on welding techniques, specifically tailored for someone learning the basics and progressing to intermediate skills. I'll prioritize videos that offer clear explanations, good visuals, and practical demonstrations, suitable for someone in an ITI-style learning path. I'll cover both SMAW (Stick) and GMAW (MIG) welding, as those are the most common starting points.\n\nI'll categorize the videos to help you build your knowledge progressively:\n\n**I. Absolute Beginner - Getting Started (SMAW - Stick Welding):**\n\n1.  **\"How to Stick Weld for Beginners (Part 1)\" - Weld.com:**\n    *   *Link:*  [https://www.youtube.com/watch?v=b-Bq7SjO-qI](https://www.youtube.com/watch?v=b-Bq7SjO-qI)\n    *   *Why:* This video is an excellent starting point. It covers safety, equipment setup, striking an arc, and running a basic bead. Very clear explanations and visuals.  Weld.com is a consistently reliable source.\n    *   *Focus:*  Safety, electrode selection, amperage settings, basic technique.\n\n2.  **\"How to Start Stick Welding - First Welds\" - Bob Moffatt:**\n    *   *Link:* [https://www.youtube.com/watch?v=MwV-WixE_tw](https://www.youtube.com/watch?v=MwV-WixE_tw)\n    *   *Why:* Bob Moffatt is great at explaining the fundamentals in a straightforward way. This video focuses on those crucial first attempts at striking an arc and making a weld.\n    *   *Focus:*  Troubleshooting common beginner mistakes, getting comfortable with the equipment.\n\n3.  **\"Stick Welding for Beginners | What to Expect\" - Welding Tips and Tricks:**\n     *   *Link:* [https://www.youtube.com/watch?v=vLqdgP_h5-8](https://www.youtube.com/watch?v=vLqdgP_h5-8)\n     *    *Why:*  Welding Tips and Tricks (Jody Collier) is a master welder. This one is good for setting expectations and understanding the challenges.\n     *    *Focus:* What a good weld looks like, common problems, and how to practice.\n\n**II. Absolute Beginner - Getting Started (GMAW - MIG Welding):**\n\n1.  **\"MIG Welding Basics - Learn to MIG Weld in 7 Minutes\" - Weld.com:**\n    *   *Link:* [https://www.youtube.com/watch?v=lzBGZaS1apw](https://www.youtube.com/watch?v=lzBGZaS1apw)\n    *   *Why:*  A concise overview of MIG welding setup and basic technique. Great for a quick introduction.\n    *   *Focus:*  Gun setup, wire feed speed, voltage, basic technique.\n\n2.  **\"How to MIG Weld: Basics for Beginners\" - Kevin Caron, Artist:**\n    *   *Link:* [https://www.youtube.com/watch?v=-YeDpEL-SNw](https://www.youtube.com/watch?v=-YeDpEL-SNw)\n    *   *Why:* Kevin Caron presents information clearly and in a way that is easy for beginners to understand.\n    *  *Focus:* Setting up machine, how to hold gun, and how to avoid mistakes.\n\n3.  **\"Beginner MIG Welding Mistakes and How to Fix Them\" - Welding Tips and Tricks:**\n    *   *Link:* [https://www.youtube.com/watch?v=oUNF1x8jCjI](https://www.youtube.com/watch?v=oUNF1x8jCjI)\n    *   *Why:*  Addresses common problems beginners face with MIG welding, like porosity, spatter, and poor penetration. Invaluable for troubleshooting.\n    *   *Focus:*  Problem-solving, adjusting settings, improving technique.\n\n**III. Building Skills - SMAW Techniques:**\n\n1.  **\"Stick Welding - Running Beads with 6010\" - Weld.com:**\n    *   *Link:* [https://www.youtube.com/watch?v=f-BQi_P_L-k](https://www.youtube.com/watch?v=f-BQi_P_L-k)\n    *   *Why:*  Focuses on a specific, common electrode (E6010), which requires a \"whip and pause\" technique. Good for learning control.\n    *   *Focus:*  Electrode manipulation, controlling the weld puddle.\n\n2.  **\"Stick Welding - 7018 Uphill\" - Welding Tips and Tricks:**\n    *   *Link:* [https://www.youtube.com/watch?v=xZVg-9a-d3U](https://www.youtube.com/watch?v=xZVg-9a-d3U)\n    *   *Why:*  Introduces uphill welding, a more challenging position, with a common electrode (E7018). Important for progressing beyond flat position welding.\n    *   *Focus:*  Position welding, controlling heat input, preventing slag inclusions.\n\n3. **\"Open Root Pipe Welding 6010 (Part 1 of 2)\" - WELD.com:**\n    *   *Link:* [https://www.youtube.com/watch?v=6jJ-Vrg-Nkg](https://www.youtube.com/watch?v=6jJ-Vrg-Nkg)\n        *   *Why:* Open root welding is an advanced technique, but the video starts with the basics of root pass.\n        * *Focus:* Root pass.\n\n**IV. Building Skills - GMAW Techniques:**\n\n1.  **\"MIG Welding - Different Techniques\" - Weld.com:**\n    *   *Link:* [https://www.youtube.com/watch?v=M_xDJhibkO4](https://www.youtube.com/watch?v=M_xDJhibkO4)\n    *   *Why:*  Covers various MIG welding techniques, like push vs. pull, and different joint types.\n    *   *Focus:*  Adapting technique to different situations.\n\n2.  **\"How to MIG Weld Thin Metal Without Burning Through\" - TimWelds:**\n    *   *Link:* [https://www.youtube.com/watch?v=-sWXu_TdH-g](https://www.youtube.com/watch?v=-sWXu_TdH-g)\n    *   *Why:*  Addresses a common challenge with MIG welding – burning through thin materials. Essential for automotive work and sheet metal fabrication.\n    *   *Focus:*  Controlling heat input, using short bursts, stitch welding.\n\n3.  **\"MIG Welding Vertical Up - Technique and Settings\" - Welding Tips and Tricks:**\n    *   *Link:* [https://www.youtube.com/watch?v=S_yk_570WjI](https://www.youtube.com/watch?v=S_yk_570WjI)\n    *   *Why:*  Covers vertical uphill welding with MIG, a more advanced technique.\n    *   *Focus:*  Position welding, controlling the weld puddle, preventing sagging.\n\n**V. General Technique & Troubleshooting (Both SMAW & GMAW):**\n\n1.  **\"How to Read a Weld\" - Weld.com:**\n    *   *Link:* [https://www.youtube.com/watch?v=d-hr-q-4Cuk](https://www.youtube.com/watch?v=d-hr-q-4Cuk)\n    *   *Why:*  Essential for self-assessment.  Learn to identify good and bad welds, and understand the causes of defects.\n    *   *Focus:*  Visual inspection, identifying porosity, undercut, lack of fusion, etc.\n\n2.  **\"Welding Defects and Their Causes\" - TWI Ltd:**\n    *   *Link:* [https://www.youtube.com/watch?v=lU6NHjBiL9Y](https://www.youtube.com/watch?v=lU6NHjBiL9Y)\n    *   *Why:* TWI is a highly respected welding research organization. This video provides a more technical overview of weld defects.\n    *   *Focus:* Understanding the metallurgy and causes of defects.\n\n**Key Strategy for Learning:**\n\n1.  **Start with the \"Absolute Beginner\" videos for either SMAW or GMAW (whichever you have access to).** Don't try to learn both at once initially.\n2.  **Practice along with the videos.** Pause, rewind, and re-watch sections as needed.\n3.  **Focus on safety first, always.**\n4.  **Progress to the \"Building Skills\" videos once you're comfortable with the basics.**\n5.  **Use the \"General Technique & Troubleshooting\" videos to refine your skills and diagnose problems.**\n6.  **Most importantly: Practice, practice, practice!**  There's no substitute for hands-on experience.\n\nThis curated list, combined with a structured approach to learning and consistent practice, will give you a strong foundation in welding techniques. Remember to always prioritize safety and to seek hands-on instruction whenever possible.\n",
    "context": "Progress in Welding: 5% complete\n\n\u001b[36m📚 Recommended Educational Videos:\u001b[0m\n\n1. \u001b[33mGas welding practice👍 | Flame preparation🙂| #industrialskills #welder #gaswelding #flame\u001b[0m\n   👤 Industrial Skills | ⏱️ 00:15 | 👁️ 74,491 views\n   🎯 Educational Relevance: 60%\n   🏷️ #welding, #gas welding, #mig welding, #welding torch, #welding techniques\n   🔗 Watch Video: https://www.youtube.com/watch?v=rBKo0yGoLwI\n\n2. \u001b[33mWhy no welders talk about this mig welding technique for beginners #sorts #welding\u001b[0m\n   👤 Mig Stick Welder | ⏱️ 00:38 | 👁️ 231,282 views\n   🎯 Educational Relevance: 30%\n   🔗 Watch Video: https://www.youtube.com/watch?v=EdV_N-ZC728\n\n3. \u001b[33msecret trick stick welding  , why no welders talk about this\u001b[0m\n   👤 Mig Stick Welder | ⏱️ 00:31 | 👁️ 3,650,491 views\n   🎯 Educational Relevance: 20%\n   🔗 Watch Video: https://www.youtube.com/watch?v=CoPykUYYjdE\n",
    "timestamp": "2025-03-14T01:17:42.760091"
  },
  {
    "question": "whats electricity?",
    "answer": "Okay, let's break down the concept of electricity. It's a fundamental force of nature, and understanding it is crucial for many ITI trades and vocational skills. I'll explain it at a medium difficulty level, building from basic ideas to slightly more complex ones.\n\n**I. The Very Basics: Atoms and Charge**\n\n*   **Everything is made of atoms:**  All matter, whether it's a piece of metal, a drop of water, or the air you breathe, is composed of tiny particles called atoms.\n*   **Atoms have parts:**  Atoms themselves are made up of even smaller particles:\n    *   **Protons:**  These have a *positive* electrical charge (+). They are located in the atom's central core, called the *nucleus*.\n    *   **Neutrons:** These have *no* electrical charge (they are neutral). They are also found in the nucleus.\n    *   **Electrons:** These have a *negative* electrical charge (-). They orbit the nucleus in specific energy levels or \"shells.\" Think of them like planets orbiting the sun, but much, much smaller and governed by different forces.\n\n*   **Opposites Attract, Likes Repel:** This is a fundamental rule of electricity:\n    *   Positive charges attract negative charges.\n    *   Positive charges repel other positive charges.\n    *   Negative charges repel other negative charges.\n\n*   **Neutral Atoms:**  In a normal, stable atom, the number of protons (positive charges) is *equal* to the number of electrons (negative charges). The positive and negative charges balance each other out, so the atom overall has *no net charge* (it's electrically neutral).\n\n**II. What Makes Electricity \"Happen\": Electron Movement**\n\n*   **Electrons Can Move:**  While protons and neutrons are tightly bound in the nucleus, the electrons, especially those in the outermost shells, are more loosely held.  Under certain conditions, these outer electrons can be *removed* from an atom, or *added* to an atom.\n\n*   **Ions:** When an atom loses or gains electrons, it's no longer electrically neutral. It becomes an *ion*:\n    *   **Positive Ion (Cation):** An atom that has *lost* one or more electrons. It now has more protons than electrons, so it has a net positive charge.\n    *   **Negative Ion (Anion):** An atom that has *gained* one or more electrons. It now has more electrons than protons, so it has a net negative charge.\n\n*   **Electric Current:**  *Electricity, in its most common form, is the flow of electrons.*  This flow is called *electric current*.  It's like a river of electrons moving through a material.\n\n*   **Conductors, Insulators, and Semiconductors:**  Materials behave differently with respect to electron flow:\n    *   **Conductors:**  Materials that allow electrons to flow through them easily.  Metals like copper, aluminum, and silver are excellent conductors.  They have \"free electrons\" that are not tightly bound to individual atoms and can move readily.\n    *   **Insulators:** Materials that *resist* the flow of electrons.  Electrons are tightly bound to their atoms and don't move easily.  Examples include rubber, plastic, glass, and dry wood.\n    *   **Semiconductors:**  Materials that have properties in between conductors and insulators.  Their conductivity can be controlled by adding impurities (a process called \"doping\").  Silicon and germanium are common semiconductors, and they are the foundation of modern electronics (transistors, microchips, etc.).\n\n**III. Key Concepts Related to Electricity:**\n\n1.  **Voltage (Potential Difference):**\n    *   Think of voltage as the \"electrical pressure\" that pushes electrons through a circuit.  It's the *difference* in electrical potential energy between two points.\n    *   The greater the voltage, the stronger the \"push\" and the more current will flow (assuming the resistance stays the same).\n    *   Measured in *volts (V)*.\n    *   Analogy:  Imagine a water tank.  The higher the water level, the greater the pressure at the bottom of the tank. Voltage is like the water pressure.\n\n2.  **Current (Flow of Charge):**\n    *   The rate at which electrons flow past a given point in a circuit.\n    *   Measured in *amperes (A)*, often called \"amps.\"\n    *   Analogy:  In the water tank analogy, current is like the amount of water flowing through a pipe per second.\n\n3.  **Resistance (Opposition to Flow):**\n    *   The opposition to the flow of electric current.  All materials have some resistance, even good conductors.\n    *   Measured in *ohms (Ω)*.\n    *   Analogy:  A narrow pipe offers more resistance to water flow than a wide pipe.  Resistance in an electrical circuit is like the narrowness of the pipe.\n\n4.  **Ohm's Law:**  A fundamental relationship between voltage, current, and resistance:\n    *   **Voltage (V) = Current (I) * Resistance (R)**  or  **V = IR**\n    *   This means:\n        *   If you increase the voltage, the current will increase (if resistance stays the same).\n        *   If you increase the resistance, the current will decrease (if voltage stays the same).\n\n5.  **Power (Rate of Energy Transfer):**\n    *   The rate at which electrical energy is converted into another form of energy (like heat, light, or motion).\n    *   Measured in *watts (W)*.\n    *   **Power (P) = Voltage (V) * Current (I)**  or  **P = VI**\n    *   Also: **P = I²R** and **P = V²/R** (derived from Ohm's Law)\n\n6.  **Direct Current (DC):**\n    *   Electrons flow in *one direction* only.\n    *   Examples: Batteries, solar cells.\n\n7.  **Alternating Current (AC):**\n    *   Electrons flow back and forth, *changing direction* periodically.\n    *   The standard form of electricity supplied by power grids to homes and businesses.\n    *   The frequency of AC (how many times the direction changes per second) is typically 50 Hz or 60 Hz, depending on the country.\n\n**IV. Static Electricity vs. Current Electricity:**\n\n*   **Static Electricity:**  A *build-up* of electrical charge on the surface of an object. This happens when there's an imbalance of electrons, often due to friction (like rubbing a balloon on your hair). The charges are *stationary* (not flowing) until they find a way to discharge (like a spark).\n*   **Current Electricity:**  The *continuous flow* of electrons through a circuit, as described above.\n\n**In Summary:**\n\nElectricity is the flow of electrons, driven by a voltage (electrical pressure) and encountering resistance. Understanding the relationships between voltage, current, resistance, and power (Ohm's Law and the power equations) is fundamental to working with electrical circuits. The difference between conductors, insulators, and semiconductors determines how materials interact with electric current. Finally, the distinction between static and current electricity clarifies the difference between a buildup of charge and a continuous flow.\n",
    "context": "",
    "timestamp": "2025-03-14T01:20:21.674101"
  }
]