[
  {
    "question": "What is artificial intelligence?",
    "answer": "Artificial Intelligence (AI) refers to the simulation of human intelligence in machines that are programmed to think and learn like humans. It encompasses various technologies including machine learning, natural language processing, computer vision, and robotics. AI systems can perform tasks that typically require human intelligence such as visual perception, speech recognition, decision-making, and language translation.",
    "context": "Technology, Computer Science",
    "timestamp": "2023-05-01T12:00:00.000Z"
  },
  {
    "question": "How do neural networks work?",
    "answer": "Neural networks are computational models inspired by the human brain. They consist of layers of interconnected nodes (neurons) that process information. Each connection has a weight that adjusts during learning. A basic neural network has three types of layers: input layer (receives data), hidden layers (perform computations), and output layer (produces results). During training, the network adjusts weights through backpropagation based on the error between predicted and actual outputs, gradually improving its accuracy.",
    "context": "Machine Learning, Deep Learning",
    "timestamp": "2023-05-02T14:30:00.000Z"
  },
  {
    "question": "What is transfer learning?",
    "answer": "Transfer learning is a machine learning technique where a model developed for one task is reused as the starting point for a model on a second task. It's particularly popular in deep learning where pre-trained models are used as feature extractors or fine-tuned for specific applications. This approach saves computational resources and requires less data for training since the model already contains knowledge transferred from the previous task.",
    "context": "",
    "timestamp": "2023-05-03T09:15:00.000Z"
  }
] 